Workbook

Sheet Task của Hưng
A1: STT | B1: WBS | C1: UID | D1: Sprint | E1: PBI | F1: Nhóm công việc | G1: Tên task | H1: Bắt đầu | I1: Kết thúc | J1: Thời lượng (h) | K1: Công của Hưng (h) | L1: Ước lượng cũ (h) | M1: Cơ sở ước lượng | N1: Trạng thái
A2: 1 | B2: 2.2.4 | C2: 762 | D2: Sprint 1 | E2: PBI-S01 | F2: PBI S01 – Chức năng và công việc hỗ trợ | G2: Phân tích yêu cầu giao diện | H2: 46275.625 | I2: 46275.667 | J2: 1 | K2: 1 | L2: 8 | M2: Một component/màn hình React hoặc cấu hình nhỏ; dùng thư viện và layout chung. | N2: Chờ nhóm rà soát
A3: 2 | B3: 2.2.9 | C3: 763 | D3: Sprint 1 | E3: PBI-S01 | F3: PBI S01 – Chức năng và công việc hỗ trợ | G3: Khởi tạo project frontend | H3: 46275.667 | I3: 46275.708 | J3: 1 | K3: 1 | L3: 8 | M3: Một component/màn hình React hoặc cấu hình nhỏ; dùng thư viện và layout chung. | N3: Chờ nhóm rà soát
A4: 3 | B4: 2.2.13 | C4: 764 | D4: Sprint 1 | E4: PBI-S01 | F4: PBI S01 – Chức năng và công việc hỗ trợ | G4: Thiết lập cấu trúc thư mục frontend | H4: 46276.333 | I4: 46276.354 | J4: 0.5 | K4: 0.5 | L4: 8 | M4: Một component/màn hình React hoặc cấu hình nhỏ; dùng thư viện và layout chung. | N4: Chờ nhóm rà soát
A5: 4 | B5: 2.2.17 | C5: 766 | D5: Sprint 1 | E5: PBI-S01 | F5: PBI S01 – Chức năng và công việc hỗ trợ | G5: Thiết lập component base | H5: 46276.354 | I5: 46276.396 | J5: 1 | K5: 1 | L5: 8 | M5: Một component/màn hình React hoặc cấu hình nhỏ; dùng thư viện và layout chung. | N5: Chờ nhóm rà soát
A6: 5 | B6: 2.2.20 | C6: 767 | D6: Sprint 1 | E6: PBI-S01 | F6: PBI S01 – Chức năng và công việc hỗ trợ | G6: Thiết lập layout chung | H6: 46276.396 | I6: 46276.438 | J6: 1 | K6: 1 | L6: 8 | M6: Một component/màn hình React hoặc cấu hình nhỏ; dùng thư viện và layout chung. | N6: Chờ nhóm rà soát
A7: 6 | B7: 2.2.25 | C7: 769 | D7: Sprint 1 | E7: PBI-S01 | F7: PBI S01 – Chức năng và công việc hỗ trợ | G7: Thiết lập form validation | H7: 46276.438 | I7: 46276.479 | J7: 1 | K7: 1 | L7: 8 | M7: Một component/màn hình React hoặc cấu hình nhỏ; dùng thư viện và layout chung. | N7: Chờ nhóm rà soát
A8: 7 | B8: 2.2.30 | C8: 770 | D8: Sprint 1 | E8: PBI-S01 | F8: PBI S01 – Chức năng và công việc hỗ trợ | G8: Thiết lập HTTP client | H8: 46276.479 | I8: 46276.562 | J8: 1 | K8: 1 | L8: 16 | M8: Một component/màn hình React hoặc cấu hình nhỏ; dùng thư viện và layout chung. | N8: Chờ nhóm rà soát
A9: 8 | B9: 2.2.37 | C9: 776 | D9: Sprint 1 | E9: PBI-S01 | F9: PBI S01 – Chức năng và công việc hỗ trợ | G9: Tạo trang danh sách dịch vụ | H9: 46276.615 | I9: 46276.656 | J9: 1 | K9: 1 | L9: 8 | M9: Một component/màn hình React hoặc cấu hình nhỏ; dùng thư viện và layout chung. | N9: Chờ nhóm rà soát
A10: 9 | B10: 2.2.43 | C10: 765 | D10: Sprint 1 | E10: PBI-S01 | F10: PBI S01 – Chức năng và công việc hỗ trợ | G10: Thiết lập routing | H10: 46276.656 | I10: 46276.698 | J10: 1 | K10: 1 | L10: 8 | M10: Một component/màn hình React hoặc cấu hình nhỏ; dùng thư viện và layout chung. | N10: Chờ nhóm rà soát
A11: 10 | B11: 2.2.49 | C11: 768 | D11: Sprint 1 | E11: PBI-S01 | F11: PBI S01 – Chức năng và công việc hỗ trợ | G11: Thiết lập responsive grid | H11: 46276.698 | I11: 46279.365 | J11: 1 | K11: 1 | L11: 8 | M11: Một component/màn hình React hoặc cấu hình nhỏ; dùng thư viện và layout chung. | N11: Chờ nhóm rà soát
A12: 11 | B12: 2.2.54 | C12: 772 | D12: Sprint 1 | E12: PBI-S01 | F12: PBI S01 – Chức năng và công việc hỗ trợ | G12: Tạo trang Landing | H12: 46279.365 | I12: 46279.406 | J12: 1 | K12: 1 | L12: 8 | M12: Một component/màn hình React hoặc cấu hình nhỏ; dùng thư viện và layout chung. | N12: Chờ nhóm rà soát
A13: 12 | B13: 2.2.57 | C13: 773 | D13: Sprint 1 | E13: PBI-S01 | F13: PBI S01 – Chức năng và công việc hỗ trợ | G13: Tạo Header | H13: 46279.406 | I13: 46279.427 | J13: 0.5 | K13: 0.5 | L13: 8 | M13: Một component/màn hình React hoặc cấu hình nhỏ; dùng thư viện và layout chung. | N13: Chờ nhóm rà soát
... A17: 16 | B17: 2.2.69 | C17: 902 | D17: Sprint 1 | E17: PBI-S01 | F17: PBI S01 – Chức năng và công việc hỗ trợ | G17: Thiết lập CI/CD React và build frontend tự động | H17: 46279.552 | I17: 46279.594 | J17: 1 | K17: 1 | L17: 8 | M17: Một component/màn hình React hoặc cấu hình nhỏ; dùng thư viện và layout chung. | N17: Chờ nhóm rà soát
A18: 17 | B18: 2.3.1 | C18: 2024 | D18: Sprint 1 | E18: PBI-S01 | F18: Tích hợp, kiểm thử và Increment | G18: Tích hợp đầu-cuối Sprint 1: React ↔ FastAPI ↔ PostgreSQL | H18: 46281.365 | I18: 46281.448 | J18: 2 | K18: 2 | M18: Bổ sung để chức năng có thể tích hợp, kiểm thử và bàn giao trong Sprint. | N18: Chờ nhóm rà soát
A19: 18 | B19: 2.3.2 | C19: 2025 | D19: Sprint 1 | E19: PBI-S01 | F19: Tích hợp, kiểm thử và Increment | G19: Kiểm thử acceptance và hồi quy Sprint 1 | H19: 46281.448 | I19: 46281.573 | J19: 2 | K19: 2 | M19: Bổ sung để chức năng có thể tích hợp, kiểm thử và bàn giao trong Sprint. | N19: Chờ nhóm rà soát
A20: 19 | B20: 2.3.4 | C20: 2027 | D20: Sprint 1 | E20: PBI-S01 | F20: Tích hợp, kiểm thử và Increment | G20: Sửa lỗi frontend theo kết quả kiểm thử Sprint 1 | H20: 46281.656 | I20: 46281.698 | J20: 1 | K20: 1 | M20: Bổ sung để chức năng có thể tích hợp, kiểm thử và bàn giao trong Sprint. | N20: Chờ nhóm rà soát
A21: 20 | B21: 2.3.6 | C21: 2029 | D21: Sprint 1 | E21: PBI-S01 | F21: Tích hợp, kiểm thử và Increment | G21: Retest, xác minh Definition of Done Sprint 1 | H21: 46281.698 | I21: 46282.365 | J21: 1 | K21: 1 | M21: Bổ sung để chức năng có thể tích hợp, kiểm thử và bàn giao trong Sprint. | N21: Chờ nhóm rà soát
A22: 21 | B22: 2.4.1 | C22: 2016 | D22: Sprint 1 | E22: PBI-S01 | F22: Họp nhóm hằng tuần | G22: Họp tuần 1 – báo cáo tiến độ, demo và thống nhất việc tiếp theo | H22: 46282.365 | I22: 46282.448 | J22: 2 | K22: 2 | N22: Chờ nhóm rà soát
A23: 22 | B23: 3.2.3 | C23: 771 | D23: Sprint 2 | E23: PBI-S02 | F23: PBI S02 – Chức năng và công việc hỗ trợ | G23: Thiết lập xử lý token | H23: 46282.542 | I23: 46282.583 | J23: 1 | K23: 1 | L23: 8 | M23: Một component/màn hình React hoặc cấu hình nhỏ; dùng thư viện và layout chung. | N23: Chờ nhóm rà soát
A24: 23 | B24: 3.2.14 | C24: 778 | D24: Sprint 2 | E24: PBI-S02 | F24: PBI S02 – Chức năng và công việc hỗ trợ | G24: Tạo trang đăng ký | H24: 46282.698 | I24: 46283.365 | J24: 1 | K24: 1 | L24: 8 | M24: Một component/màn hình React hoặc cấu hình nhỏ; dùng thư viện và layout chung. | N24: Chờ nhóm rà soát
A25: 24 | B25: 3.2.17 | C25: 779 | D25: Sprint 2 | E25: PBI-S02 | F25: PBI S02 – Chức năng và công việc hỗ trợ | G25: Tạo trang đăng nhập | H25: 46283.385 | I25: 46283.427 | J25: 1 | K25: 1 | L25: 8 | M25: Một component/màn hình React hoặc cấu hình nhỏ; dùng thư viện và layout chung. | N25: Chờ nhóm rà soát
A26: 25 | B26: 3.2.19 | C26: 781 | D26: Sprint 2 | E26: PBI-S02 | F26: PBI S02 – Chức năng và công việc hỗ trợ | G26: Tạo trang hồ sơ cá nhân | H26: 46283.458 | I26: 46283.5 | J26: 1 | K26: 1 | L26: 8 | M26: Một component/màn hình React hoặc cấu hình nhỏ; dùng thư viện và layout chung. | N26: Chờ nhóm rà soát
A27: 26 | B27: 3.2.21 | C27: 824 | D27: Sprint 2 | E27: PBI-S02 | F27: PBI S02 – Chức năng và công việc hỗ trợ | G27: Kết nối API đăng ký | H27: 46283.542 | I27: 46283.604 | J27: 1.5 | K27: 1.5 | L27: 8 | M27: Nối API và xử lý lỗi/token của luồng xác thực. | N27: Chờ nhóm rà soát
A28: 27 | B28: 3.2.23 | C28: 825 | D28: Sprint 2 | E28: PBI-S02 | F28: PBI S02 – Chức năng và công việc hỗ trợ | G28: Kết nối API đăng nhập | H28: 46283.667 | I28: 46286.354 | J28: 1.5 | K28: 1.5 | L28: 8 | M28: Nối API và xử lý lỗi/token của luồng xác thực. | N28: Chờ nhóm rà soát
A29: 28 | B29: 3.3.1 | C29: 2039 | D29: Sprint 2 | E29: PBI-S02 | F29: Tích hợp, kiểm thử và Increment | G29: Tích hợp đầu-cuối Sprint 2: React ↔ FastAPI ↔ PostgreSQL | H29: 46287.427 | I29: 46287.552 | J29: 2 | K29: 2 | M29: Bổ sung để chức năng có thể tích hợp, kiểm thử và bàn giao trong Sprint. | N29: Chờ nhóm rà soát
A30: 29 | B30: 3.3.2 | C30: 2040 | D30: Sprint 2 | E30: PBI-S02 | F30: Tích hợp, kiểm thử và Increment | G30: Kiểm thử acceptance và hồi quy Sprint 2 | H30: 46287.552 | I30: 46287.635 | J30: 2 | K30: 2 | M30: Bổ sung để chức năng có thể tích hợp, kiểm thử và bàn giao trong Sprint. | N30: Chờ nhóm rà soát
A31: 30 | B31: 3.3.4 | C31: 2042 | D31: Sprint 2 | E31: PBI-S02 | F31: Tích hợp, kiểm thử và Increment | G31: Sửa lỗi frontend theo kết quả kiểm thử Sprint 2 | H31: 46288.344 | I31: 46288.385 | J31: 1 | K31: 1 | M31: Bổ sung để chức năng có thể tích hợp, kiểm thử và bàn giao trong Sprint. | N31: Chờ nhóm rà soát
A32: 31 | B32: 3.3.6 | C32: 2044 | D32: Sprint 2 | E32: PBI-S02 | F32: Tích hợp, kiểm thử và Increment | G32: Retest, xác minh Definition of Done Sprint 2 | H32: 46288.385 | I32: 46288.427 | J32: 1 | K32: 1 | M32: Bổ sung để chức năng có thể tích hợp, kiểm thử và bàn giao trong Sprint. | N32: Chờ nhóm rà soát
A33: 32 | B33: 3.4.1 | C33: 2031 | D33: Sprint 2 | E33: PBI-S02 | F33: Họp nhóm hằng tuần | G33: Họp tuần 2 – báo cáo tiến độ, demo và thống nhất việc tiếp theo | H33: 46288.625 | I33: 46288.708 | J33: 2 | K33: 2 | N33: Chờ nhóm rà soát
A34: 33 | B34: 4.2.4 | C34: 786 | D34: Sprint 3 | E34: PBI-S03 | F34: PBI S03 – Chức năng và công việc hỗ trợ | G34: Tạo giao diện kiểm tra slot trống | H34: 46289.385 | I34: 46289.427 | J34: 1 | K34: 1 | L34: 8 | M34: Một component/màn hình React hoặc cấu hình nhỏ; dùng thư viện và layout chung. | N34: Chờ nhóm rà soát
A35: 34 | B35: 4.2.12 | C35: 782 | D35: Sprint 3 | E35: PBI-S03 | F35: PBI S03 – Chức năng và công việc hỗ trợ | G35: Tạo trang chọn dịch vụ | H35: 46289.448 | I35: 46289.49 | J35: 1 | K35: 1 | L35: 8 | M35: Một component/màn hình React hoặc cấu hình nhỏ; dùng thư viện và layout chung. | N35: Chờ nhóm rà soát
A36: 35 | B36: 4.2.17 | C36: 783 | D36: Sprint 3 | E36: PBI-S03 | F36: PBI S03 – Chức năng và công việc hỗ trợ | G36: Tạo giao diện chọn ngày | H36: 46289.49 | I36: 46289.573 | J36: 1 | K36: 1 | L36: 8 | M36: Một component/màn hình React hoặc cấu hình nhỏ; dùng thư viện và layout chung. | N36: Chờ nhóm rà soát
A37: 36 | B37: 4.2.21 | C37: 784 | D37: Sprint 3 | E37: PBI-S03 | F37: PBI S03 – Chức năng và công việc hỗ trợ | G37: Tạo giao diện chọn giờ | H37: 46289.573 | I37: 46289.615 | J37: 1 | K37: 1 | L37: 8 | M37: Một component/màn hình React hoặc cấu hình nhỏ; dùng thư viện và layout chung. | N37: Chờ nhóm rà soát
A38: 37 | B38: 4.2.24 | C38: 785 | D38: Sprint 3 | E38: PBI-S03 | F38: PBI S03 – Chức năng và công việc hỗ trợ | G38: Tạo giao diện chọn kỹ thuật viên | H38: 46289.615 | I38: 46289.656 | J38: 1 | K38: 1 | L38: 8 | M38: Một component/màn hình React hoặc cấu hình nhỏ; dùng thư viện và layout chung. | N38: Chờ nhóm rà soát
A39: 38 | B39: 4.2.25 | C39: 788 | D39: Sprint 3 | E39: PBI-S03 | F39: PBI S03 – Chức năng và công việc hỗ trợ | G39: Tạo màn hình xác nhận lịch | H39: 46289.656 | I39: 46289.698 | J39: 1 | K39: 1 | L39: 8 | M39: Một component/màn hình React hoặc cấu hình nhỏ; dùng thư viện và layout chung. | N39: Chờ nhóm rà soát
A40: 39 | B40: 4.2.26 | C40: 787 | D40: Sprint 3 | E40: PBI-S03 | F40: PBI S03 – Chức năng và công việc hỗ trợ | G40: Tạo form đặt lịch | H40: 46290.344 | I40: 46290.427 | J40: 2 | K40: 2 | L40: 8 | M40: Một màn hình/luồng có xử lý nghiệp vụ; dùng component chung, tích hợp đầu-cuối có task riêng. | N40: Chờ nhóm rà soát
A41: 40 | B41: 4.2.28 | C41: 789 | D41: Sprint 3 | E41: PBI-S03 | F41: PBI S03 – Chức năng và công việc hỗ trợ | G41: Tạo màn hình lịch đã đặt | H41: 46290.427 | I41: 46290.469 | J41: 1 | K41: 1 | L41: 8 | M41: Một component/màn hình React hoặc cấu hình nhỏ; dùng thư viện và layout chung. | N41: Chờ nhóm rà soát
A42: 41 | B42: 4.2.29 | C42: 790 | D42: Sprint 3 | E42: PBI-S03 | F42: PBI S03 – Chức năng và công việc hỗ trợ | G42: Tạo chức năng đổi lịch | H42: 46290.469 | I42: 46290.594 | J42: 2 | K42: 2 | L42: 16 | M42: Một màn hình/luồng có xử lý nghiệp vụ; dùng component chung, tích hợp đầu-cuối có task riêng. | N42: Chờ nhóm rà soát
A43: 42 | B43: 4.2.31 | C43: 791 | D43: Sprint 3 | E43: PBI-S03 | F43: PBI S03 – Chức năng và công việc hỗ trợ | G43: Tạo chức năng hủy lịch | H43: 46290.594 | I43: 46290.635 | J43: 1 | K43: 1 | L43: 8 | M43: Một component/màn hình React hoặc cấu hình nhỏ; dùng thư viện và layout chung. | N43: Chờ nhóm rà soát
A44: 43 | B44: 4.3.1 | C44: 2054 | D44: Sprint 3 | E44: PBI-S03 | F44: Tích hợp, kiểm thử và Increment | G44: Tích hợp đầu-cuối Sprint 3: React ↔ FastAPI ↔ PostgreSQL | H44: 46294.469 | I44: 46294.594 | J44: 2 | K44: 2 | M44: Bổ sung để chức năng có thể tích hợp, kiểm thử và bàn giao trong Sprint. | N44: Chờ nhóm rà soát
A45: 44 | B45: 4.3.2 | C45: 2055 | D45: Sprint 3 | E45: PBI-S03 | F45: Tích hợp, kiểm thử và Increment | G45: Kiểm thử acceptance và hồi quy Sprint 3 | H45: 46295.344 | I45: 46295.427 | J45: 2 | K45: 2 | M45: Bổ sung để chức năng có thể tích hợp, kiểm thử và bàn giao trong Sprint. | N45: Chờ nhóm rà soát
A46: 45 | B46: 4.3.4 | C46: 2057 | D46: Sprint 3 | E46: PBI-S03 | F46: Tích hợp, kiểm thử và Increment | G46: Sửa lỗi frontend theo kết quả kiểm thử Sprint 3 | H46: 46295.427 | I46: 46295.469 | J46: 1 | K46: 1 | M46: Bổ sung để chức năng có thể tích hợp, kiểm thử và bàn giao trong Sprint. | N46: Chờ nhóm rà soát
A47: 46 | B47: 4.3.6 | C47: 2059 | D47: Sprint 3 | E47: PBI-S03 | F47: Tích hợp, kiểm thử và Increment | G47: Retest, xác minh Definition of Done Sprint 3 | H47: 46295.469 | I47: 46295.552 | J47: 1 | K47: 1 | M47: Bổ sung để chức năng có thể tích hợp, kiểm thử và bàn giao trong Sprint. | N47: Chờ nhóm rà soát
A48: 47 | B48: 4.4.1 | C48: 2046 | D48: Sprint 3 | E48: PBI-S03 | F48: Họp nhóm hằng tuần | G48: Họp tuần 3 – báo cáo tiến độ, demo và thống nhất việc tiếp theo | H48: 46295.625 | I48: 46295.708 | J48: 2 | K48: 2 | N48: Chờ nhóm rà soát
A49: 48 | B49: 5.2.4 | C49: 804 | D49: Sprint 4 | E49: PBI-S04 | F49: PBI S04 – Chức năng và công việc hỗ trợ | G49: Tạo màn hình danh sách lịch hẹn | H49: 46296.385 | I49: 46296.427 | J49: 1 | K49: 1 | L49: 8 | M49: Một component/màn hình React hoặc cấu hình nhỏ; dùng thư viện và layout chung. | N49: Chờ nhóm rà soát
A50: 49 | B50: 5.2.10 | C50: 793 | D50: Sprint 4 | E50: PBI-S04 | F50: PBI S04 – Chức năng và công việc hỗ trợ | G50: Tạo màn hình hàng chờ | H50: 46296.448 | I50: 46296.49 | J50: 1 | K50: 1 | L50: 8 | M50: Một component/màn hình React hoặc cấu hình nhỏ; dùng thư viện và layout chung. | N50: Chờ nhóm rà soát
A51: 50 | B51: 5.2.14 | C51: 802 | D51: Sprint 4 | E51: PBI-S04 | F51: PBI S04 – Chức năng và công việc hỗ trợ | G51: Tạo dashboard nhân viên | H51: 46296.49 | I51: 46296.573 | J51: 1 | K51: 1 | L51: 8 | M51: Một component/màn hình React hoặc cấu hình nhỏ; dùng thư viện và layout chung. | N51: Chờ nhóm rà soát
A52: 51 | B52: 5.2.18 | C52: 803 | D52: Sprint 4 | E52: PBI-S04 | F52: PBI S04 – Chức năng và công việc hỗ trợ | G52: Tạo màn hình quản lý lịch | H52: 46296.573 | I52: 46296.615 | J52: 1 | K52: 1 | L52: 8 | M52: Một component/màn hình React hoặc cấu hình nhỏ; dùng thư viện và layout chung. | N52: Chờ nhóm rà soát
A53: 52 | B53: 5.2.22 | C53: 805 | D53: Sprint 4 | E53: PBI-S04 | F53: PBI S04 – Chức năng và công việc hỗ trợ | G53: Tạo màn hình chi tiết lịch hẹn | H53: 46296.615 | I53: 46296.656 | J53: 1 | K53: 1 | L53: 8 | M53: Một component/màn hình React hoặc cấu hình nhỏ; dùng thư viện và layout chung. | N53: Chờ nhóm rà soát
A54: 53 | B54: 5.2.24 | C54: 812 | D54: Sprint 4 | E54: PBI-S04 | F54: PBI S04 – Chức năng và công việc hỗ trợ | G54: Tạo màn hình lịch làm việc kỹ thuật viên | H54: 46296.656 | I54: 46296.698 | J54: 1 | K54: 1 | L54: 8 | M54: Một component/màn hình React hoặc cấu hình nhỏ; dùng thư viện và layout chung. | N54: Chờ nhóm rà soát
A55: 54 | B55: 5.2.28 | C55: 792 | D55: Sprint 4 | E55: PBI-S04 | F55: PBI S04 – Chức năng và công việc hỗ trợ | G55: Tạo màn hình đặt chỗ | H55: 46297.344 | I55: 46297.427 | J55: 2 | K55: 2 | L55: 8 | M55: Một màn hình/luồng có xử lý nghiệp vụ; dùng component chung, tích hợp đầu-cuối có task riêng. | N55: Chờ nhóm rà soát
A56: 55 | B56: 5.2.29 | C56: 2008 | D56: Sprint 4 | E56: PBI-S04 | F56: PBI S04 – Chức năng và công việc hỗ trợ | G56: Thiết kế UI hoàn chỉnh hàng chờ và quản lý lịch từ wireframe | H56: 46297.365 | I56: 46297.448 | J56: 2 | K56: 2 | M56: Bổ sung để chức năng có thể tích hợp, kiểm thử và bàn giao trong Sprint. | N56: Chờ nhóm rà soát
A57: 56 | B57: 5.2.30 | C57: 816 | D57: Sprint 4 | E57: PBI-S04 | F57: PBI S04 – Chức năng và công việc hỗ trợ | G57: Tạo màn hình quản lý kỹ thuật viên | H57: 46297.427 | I57: 46297.469 | J57: 1 | K57: 1 | L57: 8 | M57: Một component/màn hình React hoặc cấu hình nhỏ; dùng thư viện và layout chung. | N57: Chờ nhóm rà soát
A58: 57 | B58: 5.2.32 | C58: 817 | D58: Sprint 4 | E58: PBI-S04 | F58: PBI S04 – Chức năng và công việc hỗ trợ | G58: Tạo màn hình quản lý khách hàng | H58: 46297.469 | I58: 46297.552 | J58: 1 | K58: 1 | L58: 8 | M58: Một component/màn hình React hoặc cấu hình nhỏ; dùng thư viện và layout chung. | N58: Chờ nhóm rà soát
A59: 58 | B59: 5.2.33 | C59: 819 | D59: Sprint 4 | E59: PBI-S04 | F59: PBI S04 – Chức năng và công việc hỗ trợ | G59: Tạo màn hình quản lý lịch | H59: 46297.552 | I59: 46297.594 | J59: 1 | K59: 1 | L59: 8 | M59: Một component/màn hình React hoặc cấu hình nhỏ; dùng thư viện và layout chung. | N59: Chờ nhóm rà soát
A60: 59 | B60: 5.3.1 | C60: 2069 | D60: Sprint 4 | E60: PBI-S04 | F60: Tích hợp, kiểm thử và Increment | G60: Tích hợp đầu-cuối Sprint 4: React ↔ FastAPI ↔ PostgreSQL | H60: 46300.552 | I60: 46300.635 | J60: 2 | K60: 2 | M60: Bổ sung để chức năng có thể tích hợp, kiểm thử và bàn giao trong Sprint. | N60: Chờ nhóm rà soát
A61: 60 | B61: 5.3.2 | C61: 2070 | D61: Sprint 4 | E61: PBI-S04 | F61: Tích hợp, kiểm thử và Increment | G61: Kiểm thử acceptance và hồi quy Sprint 4 | H61: 46301.344 | I61: 46301.427 | J61: 2 | K61: 2 | M61: Bổ sung để chức năng có thể tích hợp, kiểm thử và bàn giao trong Sprint. | N61: Chờ nhóm rà soát
A62: 61 | B62: 5.3.4 | C62: 2072 | D62: Sprint 4 | E62: PBI-S04 | F62: Tích hợp, kiểm thử và Increment | G62: Sửa lỗi frontend theo kết quả kiểm thử Sprint 4 | H62: 46301.427 | I62: 46301.469 | J62: 1 | K62: 1 | M62: Bổ sung để chức năng có thể tích hợp, kiểm thử và bàn giao trong Sprint. | N62: Chờ nhóm rà soát
A63: 62 | B63: 5.3.6 | C63: 2074 | D63: Sprint 4 | E63: PBI-S04 | F63: Tích hợp, kiểm thử và Increment | G63: Retest, xác minh Definition of Done Sprint 4 | H63: 46301.469 | I63: 46301.552 | J63: 1 | K63: 1 | M63: Bổ sung để chức năng có thể tích hợp, kiểm thử và bàn giao trong Sprint. | N63: Chờ nhóm rà soát
A64: 63 | B64: 5.4.1 | C64: 2061 | D64: Sprint 4 | E64: PBI-S04 | F64: Họp nhóm hằng tuần | G64: Họp tuần 4 – báo cáo tiến độ, demo và thống nhất việc tiếp theo | H64: 46302.625 | I64: 46302.708 | J64: 2 | K64: 2 | N64: Chờ nhóm rà soát
A65: 64 | B65: 6.2.6 | C65: 796 | D65: Sprint 5 | E65: PBI-S05 | F65: PBI S05 – Chức năng và công việc hỗ trợ | G65: Tạo màn hình báo giá | H65: 46303.417 | I65: 46303.458 | J65: 1 | K65: 1 | L65: 8 | M65: Một component/màn hình React hoặc cấu hình nhỏ; dùng thư viện và layout chung. | N65: Chờ nhóm rà soát
A66: 65 | B66: 6.2.10 | C66: 797 | D66: Sprint 5 | E66: PBI-S05 | F66: PBI S05 – Chức năng và công việc hỗ trợ | G66: Tạo màn hình xác nhận báo giá | H66: 46303.458 | I66: 46303.5 | J66: 1 | K66: 1 | L66: 8 | M66: Một component/màn hình React hoặc cấu hình nhỏ; dùng thư viện và layout chung. | N66: Chờ nhóm rà soát
A67: 66 | B67: 6.2.13 | C67: 806 | D67: Sprint 5 | E67: PBI-S05 | F67: PBI S05 – Chức năng và công việc hỗ trợ | G67: Tạo màn hình tiếp nhận thiết bị | H67: 46303.542 | I67: 46303.625 | J67: 2 | K67: 2 | L67: 8 | M67: Một màn hình/luồng có xử lý nghiệp vụ; dùng component chung, tích hợp đầu-cuối có task riêng. | N67: Chờ nhóm rà soát
A68: 67 | B68: 6.2.22 | C68: 807 | D68: Sprint 5 | E68: PBI-S05 | F68: PBI S05 – Chức năng và công việc hỗ trợ | G68: Tạo màn hình phân công kỹ thuật viên | H68: 46303.625 | I68: 46303.708 | J68: 2 | K68: 2 | L68: 8 | M68: Một màn hình/luồng có xử lý nghiệp vụ; dùng component chung, tích hợp đầu-cuối có task riêng. | N68: Chờ nhóm rà soát
A69: 68 | B69: 6.2.30 | C69: 808 | D69: Sprint 5 | E69: PBI-S05 | F69: PBI S05 – Chức năng và công việc hỗ trợ | G69: Tạo màn hình cập nhật trạng thái | H69: 46304.344 | I69: 46304.385 | J69: 1 | K69: 1 | L69: 8 | M69: Một component/màn hình React hoặc cấu hình nhỏ; dùng thư viện và layout chung. | N69: Chờ nhóm rà soát
A70: 69 | B70: 6.2.35 | C70: 795 | D70: Sprint 5 | E70: PBI-S05 | F70: PBI S05 – Chức năng và công việc hỗ trợ | G70: Tạo màn hình chi tiết phiếu sửa | H70: 46304.406 | I70: 46304.448 | J70: 1 | K70: 1 | L70: 8 | M70: Một component/màn hình React hoặc cấu hình nhỏ; dùng thư viện và layout chung. | N70: Chờ nhóm rà soát
A71: 70 | B71: 6.2.36 | C71: 2009 | D71: Sprint 5 | E71: PBI-S05 | F71: PBI S05 – Chức năng và công việc hỗ trợ | G71: Thiết kế UI hoàn chỉnh nhân viên/kỹ thuật viên và báo giá | H71: 46304.427 | I71: 46304.594 | J71: 3 | K71: 3 | M71: Bổ sung để chức năng có thể tích hợp, kiểm thử và bàn giao trong Sprint. | N71: Chờ nhóm rà soát
A72: 71 | B72: 6.2.37 | C72: 809 | D72: Sprint 5 | E72: PBI-S05 | F72: PBI S05 – Chức năng và công việc hỗ trợ | G72: Tạo màn hình quản lý báo giá | H72: 46304.448 | I72: 46304.573 | J72: 2 | K72: 2 | L72: 8 | M72: Một màn hình/luồng có xử lý nghiệp vụ; dùng component chung, tích hợp đầu-cuối có task riêng. | N72: Chờ nhóm rà soát
A73: 72 | B73: 6.2.39 | C73: 810 | D73: Sprint 5 | E73: PBI-S05 | F73: PBI S05 – Chức năng và công việc hỗ trợ | G73: Tạo màn hình quản lý đơn sửa | H73: 46304.573 | I73: 46304.615 | J73: 1 | K73: 1 | L73: 16 | M73: Một component/màn hình React hoặc cấu hình nhỏ; dùng thư viện và layout chung. | N73: Chờ nhóm rà soát
A74: 73 | B74: 6.2.40 | C74: 811 | D74: Sprint 5 | E74: PBI-S05 | F74: PBI S05 – Chức năng và công việc hỗ trợ | G74: Tạo dashboard kỹ thuật viên | H74: 46304.615 | I74: 46304.656 | J74: 1 | K74: 1 | L74: 8 | M74: Một component/màn hình React hoặc cấu hình nhỏ; dùng thư viện và layout chung. | N74: Chờ nhóm rà soát
A75: 74 | B75: 6.2.41 | C75: 813 | D75: Sprint 5 | E75: PBI-S05 | F75: PBI S05 – Chức năng và công việc hỗ trợ | G75: Tạo màn hình danh sách việc cần làm | H75: 46304.656 | I75: 46304.698 | J75: 1 | K75: 1 | L75: 8 | M75: Một component/màn hình React hoặc cấu hình nhỏ; dùng thư viện và layout chung. | N75: Chờ nhóm rà soát
A76: 75 | B76: 6.2.42 | C76: 820 | D76: Sprint 5 | E76: PBI-S05 | F76: PBI S05 – Chức năng và công việc hỗ trợ | G76: Tạo màn hình quản lý đơn sửa | H76: 46307.344 | I76: 46307.427 | J76: 2 | K76: 2 | L76: 16 | M76: Một màn hình/luồng có xử lý nghiệp vụ; dùng component chung, tích hợp đầu-cuối có task riêng. | N76: Chờ nhóm rà soát
A77: 76 | B77: 6.3.1 | C77: 2085 | D77: Sprint 5 | E77: PBI-S05 | F77: Tích hợp, kiểm thử và Increment | G77: Tích hợp đầu-cuối Sprint 5: React ↔ FastAPI ↔ PostgreSQL | H77: 46308.469 | I77: 46308.594 | J77: 2 | K77: 2 | M77: Bổ sung để chức năng có thể tích hợp, kiểm thử và bàn giao trong Sprint. | N77: Chờ nhóm rà soát
A78: 77 | B78: 6.3.2 | C78: 2086 | D78: Sprint 5 | E78: PBI-S05 | F78: Tích hợp, kiểm thử và Increment | G78: Kiểm thử acceptance và hồi quy Sprint 5 | H78: 46309.344 | I78: 46309.427 | J78: 2 | K78: 2 | M78: Bổ sung để chức năng có thể tích hợp, kiểm thử và bàn giao trong Sprint. | N78: Chờ nhóm rà soát
A79: 78 | B79: 6.3.4 | C79: 2088 | D79: Sprint 5 | E79: PBI-S05 | F79: Tích hợp, kiểm thử và Increment | G79: Sửa lỗi frontend theo kết quả kiểm thử Sprint 5 | H79: 46309.427 | I79: 46309.469 | J79: 1 | K79: 1 | M79: Bổ sung để chức năng có thể tích hợp, kiểm thử và bàn giao trong Sprint. | N79: Chờ nhóm rà soát
A80: 79 | B80: 6.3.6 | C80: 2090 | D80: Sprint 5 | E80: PBI-S05 | F80: Tích hợp, kiểm thử và Increment | G80: Retest, xác minh Definition of Done Sprint 5 | H80: 46309.469 | I80: 46309.552 | J80: 1 | K80: 1 | M80: Bổ sung để chức năng có thể tích hợp, kiểm thử và bàn giao trong Sprint. | N80: Chờ nhóm rà soát
A81: 80 | B81: 6.4.1 | C81: 2077 | D81: Sprint 5 | E81: PBI-S05 | F81: Họp nhóm hằng tuần | G81: Họp tuần 5 – báo cáo tiến độ, demo và thống nhất việc tiếp theo | H81: 46309.625 | I81: 46309.708 | J81: 2 | K81: 2 | N81: Chờ nhóm rà soát
A82: 81 | B82: 7.2.4 | C82: 780 | D82: Sprint 6 | E82: PBI-S06 | F82: PBI S06 – Chức năng và công việc hỗ trợ | G82: Tạo giao diện quên mật khẩu và đặt lại mật khẩu | H82: 46310.385 | I82: 46310.427 | J82: 1 | K82: 1 | L82: 16 | M82: Một component/màn hình React hoặc cấu hình nhỏ; dùng thư viện và layout chung. | N82: Chờ nhóm rà soát
A83: 82 | B83: 7.2.9 | C83: 798 | D83: Sprint 6 | E83: PBI-S06 | F83: PBI S06 – Chức năng và công việc hỗ trợ | G83: Tạo màn hình thanh toán | H83: 46310.448 | I83: 46310.49 | J83: 1 | K83: 1 | L83: 8 | M83: Một component/màn hình React hoặc cấu hình nhỏ; dùng thư viện và layout chung. | N83: Chờ nhóm rà soát
A84: 83 | B84: 7.2.14 | C84: 799 | D84: Sprint 6 | E84: PBI-S06 | F84: PBI S06 – Chức năng và công việc hỗ trợ | G84: Tạo màn hình hóa đơn | H84: 46310.49 | I84: 46310.573 | J84: 1 | K84: 1 | L84: 8 | M84: Một component/màn hình React hoặc cấu hình nhỏ; dùng thư viện và layout chung. | N84: Chờ nhóm rà soát
A85: 84 | B85: 7.2.17 | C85: 818 | D85: Sprint 6 | E85: PBI-S06 | F85: PBI S06 – Chức năng và công việc hỗ trợ | G85: Tạo màn hình quản lý tài khoản | H85: 46310.573 | I85: 46310.615 | J85: 1 | K85: 1 | L85: 8 | M85: Một component/màn hình React hoặc cấu hình nhỏ; dùng thư viện và layout chung. | N85: Chờ nhóm rà soát
A86: 85 | B86: 7.2.19 | C86: 794 | D86: Sprint 6 | E86: PBI-S06 | F86: PBI S06 – Chức năng và công việc hỗ trợ | G86: Tạo màn hình lịch sử | H86: 46310.615 | I86: 46310.656 | J86: 1 | K86: 1 | L86: 8 | M86: Một component/màn hình React hoặc cấu hình nhỏ; dùng thư viện và layout chung. | N86: Chờ nhóm rà soát
A87: 86 | B87: 7.2.20 | C87: 2010 | D87: Sprint 6 | E87: PBI-S06 | F87: PBI S06 – Chức năng và công việc hỗ trợ | G87: Thiết kế UI hoàn chỉnh hóa đơn và ghi nhận thanh toán | H87: 46310.615 | I87: 46310.698 | J87: 2 | K87: 2 | M87: Bổ sung để chức năng có thể tích hợp, kiểm thử và bàn giao trong Sprint. | N87: Chờ nhóm rà soát
A88: 87 | B88: 7.2.21 | C88: 821 | D88: Sprint 6 | E88: PBI-S06 | F88: PBI S06 – Chức năng và công việc hỗ trợ | G88: Tạo màn hình quản lý thanh toán | H88: 46310.656 | I88: 46310.698 | J88: 1 | K88: 1 | L88: 8 | M88: Một component/màn hình React hoặc cấu hình nhỏ; dùng thư viện và layout chung. | N88: Chờ nhóm rà soát
A89: 88 | B89: 7.3.1 | C89: 2101 | D89: Sprint 6 | E89: PBI-S06 | F89: Tích hợp, kiểm thử và Increment | G89: Tích hợp đầu-cuối Sprint 6: React ↔ FastAPI ↔ PostgreSQL | H89: 46315.344 | I89: 46315.427 | J89: 2 | K89: 2 | M89: Bổ sung để chức năng có thể tích hợp, kiểm thử và bàn giao trong Sprint. | N89: Chờ nhóm rà soát
A90: 89 | B90: 7.3.2 | C90: 2102 | D90: Sprint 6 | E90: PBI-S06 | F90: Tích hợp, kiểm thử và Increment | G90: Kiểm thử acceptance và hồi quy Sprint 6 | H90: 46315.427 | I90: 46315.552 | J90: 2 | K90: 2 | M90: Bổ sung để chức năng có thể tích hợp, kiểm thử và bàn giao trong Sprint. | N90: Chờ nhóm rà soát
A91: 90 | B91: 7.3.4 | C91: 2104 | D91: Sprint 6 | E91: PBI-S06 | F91: Tích hợp, kiểm thử và Increment | G91: Sửa lỗi frontend theo kết quả kiểm thử Sprint 6 | H91: 46315.552 | I91: 46315.594 | J91: 1 | K91: 1 | M91: Bổ sung để chức năng có thể tích hợp, kiểm thử và bàn giao trong Sprint. | N91: Chờ nhóm rà soát
A92: 91 | B92: 7.3.6 | C92: 2106 | D92: Sprint 6 | E92: PBI-S06 | F92: Tích hợp, kiểm thử và Increment | G92: Retest, xác minh Definition of Done Sprint 6 | H92: 46315.594 | I92: 46315.635 | J92: 1 | K92: 1 | M92: Bổ sung để chức năng có thể tích hợp, kiểm thử và bàn giao trong Sprint. | N92: Chờ nhóm rà soát
A93: 92 | B93: 7.4.1 | C93: 2093 | D93: Sprint 6 | E93: PBI-S06 | F93: Họp nhóm hằng tuần | G93: Họp tuần 6 – báo cáo tiến độ, demo và thống nhất việc tiếp theo | H93: 46316.625 | I93: 46316.708 | J93: 2 | K93: 2 | N93: Chờ nhóm rà soát
A94: 93 | B94: 8.2.6 | C94: 800 | D94: Sprint 7 | E94: PBI-S07 | F94: PBI S07 – Chức năng và công việc hỗ trợ | G94: Tạo màn hình đánh giá | H94: 46317.417 | I94: 46317.458 | J94: 1 | K94: 1 | L94: 16 | M94: Một component/màn hình React hoặc cấu hình nhỏ; dùng thư viện và layout chung. | N94: Chờ nhóm rà soát
A95: 94 | B95: 8.2.11 | C95: 801 | D95: Sprint 7 | E95: PBI-S07 | F95: PBI S07 – Chức năng và công việc hỗ trợ | G95: Tạo màn hình thông báo | H95: 46317.458 | I95: 46317.5 | J95: 1 | K95: 1 | L95: 8 | M95: Một component/màn hình React hoặc cấu hình nhỏ; dùng thư viện và layout chung. | N95: Chờ nhóm rà soát
A96: 95 | B96: 8.2.16 | C96: 814 | D96: Sprint 7 | E96: PBI-S07 | F96: PBI S07 – Chức năng và công việc hỗ trợ | G96: Tạo dashboard quản trị | H96: 46317.542 | I96: 46317.583 | J96: 1 | K96: 1 | L96: 8 | M96: Một component/màn hình React hoặc cấu hình nhỏ; dùng thư viện và layout chung. | N96: Chờ nhóm rà soát
A97: 96 | B97: 8.2.22 | C97: 815 | D97: Sprint 7 | E97: PBI-S07 | F97: PBI S07 – Chức năng và công việc hỗ trợ | G97: Tạo màn hình quản lý dịch vụ | H97: 46317.583 | I97: 46317.625 | J97: 1 | K97: 1 | L97: 8 | M97: Một component/màn hình React hoặc cấu hình nhỏ; dùng thư viện và layout chung. | N97: Chờ nhóm rà soát
A98: 97 | B98: 8.2.27 | C98: 822 | D98: Sprint 7 | E98: PBI-S07 | F98: PBI S07 – Chức năng và công việc hỗ trợ | G98: Tạo màn hình thống kê | H98: 46317.625 | I98: 46317.667 | J98: 1 | K98: 1 | L98: 8 | M98: Một component/màn hình React hoặc cấu hình nhỏ; dùng thư viện và layout chung. | N98: Chờ nhóm rà soát
A99: 98 | B99: 8.2.29 | C99: 823 | D99: Sprint 7 | E99: PBI-S07 | F99: PBI S07 – Chức năng và công việc hỗ trợ | G99: Tạo màn hình doanh thu | H99: 46318.344 | I99: 46318.427 | J99: 2 | K99: 2 | L99: 8 | M99: Một màn hình/luồng có xử lý nghiệp vụ; dùng component chung, tích hợp đầu-cuối có task riêng. | N99: Chờ nhóm rà soát
A100: 99 | B100: 8.2.30 | C100: 2014 | D100: Sprint 7 | E100: PBI-S07 | F100: PBI S07 – Chức năng và công việc hỗ trợ | G100: Thiết kế UI hoàn chỉnh dashboard, đánh giá và thông báo | H100: 46318.344 | I100: 46318.427 | J100: 2 | K100: 2 | M100: Bổ sung để chức năng có thể tích hợp, kiểm thử và bàn giao trong Sprint. | N100: Chờ nhóm rà soát
A101: 100 | B101: 8.3.1 | C101: 2117 | D101: Sprint 7 | E101: PBI-S07 | F101: Tích hợp, kiểm thử và Increment | G101: Tích hợp đầu-cuối Sprint 7: React ↔ FastAPI ↔ PostgreSQL | H101: 46322.344 | I101: 46322.427 | J101: 2 | K101: 2 | M101: Bổ sung để chức năng có thể tích hợp, kiểm thử và bàn giao trong Sprint. | N101: Chờ nhóm rà soát
A102: 101 | B102: 8.3.2 | C102: 828 | D102: Sprint 7 | E102: PBI-S07 | F102: Tích hợp, kiểm thử và Increment | G102: Regression Test | H102: 46322.427 | I102: 46322.552 | J102: 2 | K102: 2 | L102: 8 | M102: Chạy bộ kiểm thử hồi quy/smoke theo luồng chính. | N102: Chờ nhóm rà soát
A103: 102 | B103: 8.2.40 | C103: 826 | D103: Sprint 7 | E103: PBI-S07 | F103: PBI S07 – Chức năng và công việc hỗ trợ | G103: Phân loại Bug | H103: 46322.552 | I103: 46322.594 | J103: 1 | K103: 1 | L103: 8 | M103: Một component/màn hình React hoặc cấu hình nhỏ; dùng thư viện và layout chung. | N103: Chờ nhóm rà soát
...

Sheet Tổng hợp theo Sprint
A1: Sprint | B1: Mục tiêu Sprint | C1: Số task | D1: Công (h) | E1: Bắt đầu sớm nhất | F1: Kết thúc muộn nhất
A2: Sprint 1 | B2: Khách hàng xem danh sách và chi tiết dịch vụ trên bản web chạy được | C2: =COUNTIF('Task của Hưng'!D$2:D$109,A2) -> 21 | D2: =SUMIF('Task của Hưng'!D$2:D$109,A2,'Task của Hưng'!K$2:K$109) -> 22 | E2: =_xlfn.MINIFS('Task của Hưng'!H$2:H$109,'Task của Hưng'!D$2:D$109,A2) -> 46275.625 | F2: =_xlfn.MAXIFS('Task của Hưng'!I$2:I$109,'Task của Hưng'!D$2:D$109,A2) -> 46282.448
A3: Sprint 2 | B3: Khách hàng đăng ký, đăng nhập và quản lý hồ sơ | C3: =COUNTIF('Task của Hưng'!D$2:D$109,A3) -> 11 | D3: =SUMIF('Task của Hưng'!D$2:D$109,A3,'Task của Hưng'!K$2:K$109) -> 15 | E3: =_xlfn.MINIFS('Task của Hưng'!H$2:H$109,'Task của Hưng'!D$2:D$109,A3) -> 46282.542 | F3: =_xlfn.MAXIFS('Task của Hưng'!I$2:I$109,'Task của Hưng'!D$2:D$109,A3) -> 46288.708
A4: Sprint 3 | B4: Khách hàng đặt, đổi, hủy lịch; hệ thống chống trùng khung giờ | C4: =COUNTIF('Task của Hưng'!D$2:D$109,A4) -> 15 | D4: =SUMIF('Task của Hưng'!D$2:D$109,A4,'Task của Hưng'!K$2:K$109) -> 20 | E4: =_xlfn.MINIFS('Task của Hưng'!H$2:H$109,'Task của Hưng'!D$2:D$109,A4) -> 46289.385 | F4: =_xlfn.MAXIFS('Task của Hưng'!I$2:I$109,'Task của Hưng'!D$2:D$109,A4) -> 46295.708
A5: Sprint 4 | B5: Khách hàng đặt chỗ; nhân viên quản lý hàng chờ và lịch làm việc | C5: =COUNTIF('Task của Hưng'!D$2:D$109,A5) -> 16 | D5: =SUMIF('Task của Hưng'!D$2:D$109,A5,'Task của Hưng'!K$2:K$109) -> 21 | E5: =_xlfn.MINIFS('Task của Hưng'!H$2:H$109,'Task của Hưng'!D$2:D$109,A5) -> 46296.385 | F5: =_xlfn.MAXIFS('Task của Hưng'!I$2:I$109,'Task của Hưng'!D$2:D$109,A5) -> 46302.708
A6: Sprint 5 | B6: Nhân viên tiếp nhận thiết bị, phân công, cập nhật sửa chữa và duyệt báo giá | C6: =COUNTIF('Task của Hưng'!D$2:D$109,A6) -> 17 | D6: =SUMIF('Task của Hưng'!D$2:D$109,A6,'Task của Hưng'!K$2:K$109) -> 26 | E6: =_xlfn.MINIFS('Task của Hưng'!H$2:H$109,'Task của Hưng'!D$2:D$109,A6) -> 46303.417 | F6: =_xlfn.MAXIFS('Task của Hưng'!I$2:I$109,'Task của Hưng'!D$2:D$109,A6) -> 46309.708
A7: Sprint 6 | B7: Khách hàng xem hóa đơn, ghi nhận thanh toán và tra cứu lịch sử sửa chữa | C7: =COUNTIF('Task của Hưng'!D$2:D$109,A7) -> 12 | D7: =SUMIF('Task của Hưng'!D$2:D$109,A7,'Task của Hưng'!K$2:K$109) -> 16 | E7: =_xlfn.MINIFS('Task của Hưng'!H$2:H$109,'Task của Hưng'!D$2:D$109,A7) -> 46310.385 | F7: =_xlfn.MAXIFS('Task của Hưng'!I$2:I$109,'Task của Hưng'!D$2:D$109,A7) -> 46316.708
A8: Sprint 7 | B8: Quản lý xem thống kê; khách hàng nhận thông báo, đánh giá; bàn giao bản demo | C8: =COUNTIF('Task của Hưng'!D$2:D$109,A8) -> 16 | D8: =SUMIF('Task của Hưng'!D$2:D$109,A8,'Task của Hưng'!K$2:K$109) -> 22 | E8: =_xlfn.MINIFS('Task của Hưng'!H$2:H$109,'Task của Hưng'!D$2:D$109,A8) -> 46317.417 | F8: =_xlfn.MAXIFS('Task của Hưng'!I$2:I$109,'Task của Hưng'!D$2:D$109,A8) -> 46323.708
A9: Tổng | C9: =SUM(C2:C8) -> 108 | D9: =SUM(D2:D8) -> 142 | E9: =MIN(E2:E8) -> 46275.625 | F9: =MAX(F2:F8) -> 46323.708
